{
  "eval_split": "val",
  "persistence": {
    "mae": 26.364583333333332,
    "rmse": 40.51807733969364
  },
  "lightgbm": {
    "mae": 22.530996955454988,
    "rmse": 32.827198521092676
  }
}