epoch,train_pinball,val_pinball
0,0.10162349428751176,0.07651432237705891
1,0.06847491573601659,0.07438503310850902
2,0.06458630795837574,0.07281473763427292
3,0.0614739659170689,0.07413909999160576
4,0.05797985113852974,0.07109196365552685
5,0.05488664709688312,0.07968590351539095
6,0.051986116590890766,0.07982242957150174
7,0.0510147988475435,0.08297814851722574
8,0.04793392942776675,0.0885970693535009
9,0.04644441888937948,0.08545271019489882
10,0.043958749967765415,0.09202060509318839
